timestamp,image_path,pred_class,prob_minor,prob_moderate,prob_severe,confidence,damage_score,true_label
2026-06-21T13:55:05.950038+00:00,upload_34ae9bb2.jpeg,severe,0.07448477298021317,0.2924797236919403,0.6330354809761047,0.6330354809761047,7.5,severe
2026-06-21T13:55:13.404109+00:00,upload_436257f3.jpeg,severe,0.04488430917263031,0.19023586809635162,0.7648797631263733,0.7648797631263733,8.0,severe
2026-06-21T13:55:28.909637+00:00,upload_e55c6836.jpeg,severe,0.029968760907649994,0.09596983343362808,0.8740613460540771,0.8740613460540771,8.5,moderate
2026-06-21T13:55:44.038826+00:00,upload_4e7fae93.jpg,severe,0.054793745279312134,0.3409681022167206,0.6042381525039673,0.6042381525039673,7.5,severe
2026-06-21T13:55:51.920261+00:00,upload_841cc37a.jpg,moderate,0.15832532942295074,0.4741830825805664,0.36749157309532166,0.4741830825805664,6.3,moderate
2026-06-21T13:55:58.691533+00:00,upload_9be84a8b.jpeg,severe,0.20346958935260773,0.3801635503768921,0.416366845369339,0.416366845369339,6.3,moderate
2026-06-21T13:56:12.592625+00:00,upload_8d46ae4b.jpeg,minor,0.8104655146598816,0.18615716695785522,0.0033773414324969053,0.8104655146598816,3.1,minor
2026-06-21T13:56:21.007737+00:00,upload_66a80c29.jpeg,severe,0.30068472027778625,0.336821049451828,0.36249426007270813,0.36249426007270813,5.9,minor
2026-06-21T13:56:32.416210+00:00,upload_a4614360.jpeg,severe,0.1723564863204956,0.26138341426849365,0.5662600994110107,0.5662600994110107,7.0,moderate
