timestamp,image_path,true_label,pred_class,prob_minor,prob_moderate,prob_severe,confidence,damage_score
2026-06-21T12:53:12.900994+00:00,E:\Juputer_Training\car-damage-severity\data\test\minor\0001.JPEG,minor,minor,0.587804913520813,0.3773353397846222,0.034859780222177505,0.587804913520813,3.9
2026-06-21T12:53:13.638337+00:00,E:\Juputer_Training\car-damage-severity\data\test\minor\0002.JPEG,minor,moderate,0.09127089381217957,0.5050902962684631,0.4036388099193573,0.5050902962684631,6.6
2026-06-21T12:53:14.342337+00:00,E:\Juputer_Training\car-damage-severity\data\test\minor\0003.JPEG,minor,minor,0.7601988911628723,0.23592837154865265,0.003872700035572052,0.7601988911628723,3.2
2026-06-21T12:53:15.046535+00:00,E:\Juputer_Training\car-damage-severity\data\test\minor\0004.JPEG,minor,moderate,0.24364154040813446,0.4120142161846161,0.34434425830841064,0.4120142161846161,6.0
2026-06-21T12:53:15.781175+00:00,E:\Juputer_Training\car-damage-severity\data\test\minor\0005.JPEG,minor,moderate,0.3462595045566559,0.605792224407196,0.04794830083847046,0.605792224407196,4.6
2026-06-21T12:53:16.472442+00:00,E:\Juputer_Training\car-damage-severity\data\test\minor\0006.JPEG,minor,minor,0.7345946431159973,0.25638243556022644,0.009022901766002178,0.7345946431159973,3.3
2026-06-21T12:53:17.190919+00:00,E:\Juputer_Training\car-damage-severity\data\test\minor\0007.JPEG,minor,minor,0.6198089122772217,0.3732445240020752,0.006946580018848181,0.6198089122772217,3.7
2026-06-21T12:53:17.936032+00:00,E:\Juputer_Training\car-damage-severity\data\test\minor\0008.jpeg,minor,minor,0.803879976272583,0.19424410164356232,0.0018759957747533917,0.803879976272583,3.1
2026-06-21T12:53:18.660867+00:00,E:\Juputer_Training\car-damage-severity\data\test\minor\0009.jpeg,minor,minor,0.7949451804161072,0.20333237946033478,0.0017225440824404359,0.7949451804161072,3.1
2026-06-21T12:53:19.401080+00:00,E:\Juputer_Training\car-damage-severity\data\test\minor\0010.JPEG,minor,minor,0.7496393322944641,0.24835042655467987,0.0020102693233639,0.7496393322944641,3.3
2026-06-21T12:53:20.113197+00:00,E:\Juputer_Training\car-damage-severity\data\test\minor\0011.jpeg,minor,moderate,0.43109655380249023,0.5292664170265198,0.039636995643377304,0.5292664170265198,4.3
2026-06-21T12:53:20.802353+00:00,E:\Juputer_Training\car-damage-severity\data\test\minor\0012.JPEG,minor,minor,0.7391142249107361,0.25650718808174133,0.0043786452151834965,0.7391142249107361,3.3
2026-06-21T12:53:21.496378+00:00,E:\Juputer_Training\car-damage-severity\data\test\minor\0013.JPEG,minor,minor,0.6710173487663269,0.3000960648059845,0.028886616230010986,0.6710173487663269,3.6
2026-06-21T12:53:22.210336+00:00,E:\Juputer_Training\car-damage-severity\data\test\minor\0014.JPEG,minor,moderate,0.295558899641037,0.47386279702186584,0.23057834804058075,0.47386279702186584,5.4
2026-06-21T12:53:22.917463+00:00,E:\Juputer_Training\car-damage-severity\data\test\minor\0015.JPEG,minor,minor,0.7307538986206055,0.2640823423862457,0.005163780879229307,0.7307538986206055,3.3
2026-06-21T12:53:23.622585+00:00,E:\Juputer_Training\car-damage-severity\data\test\minor\0016.JPEG,minor,minor,0.6855096817016602,0.3027982711791992,0.011692109517753124,0.6855096817016602,3.5
2026-06-21T12:53:24.330959+00:00,E:\Juputer_Training\car-damage-severity\data\test\minor\0017.JPEG,minor,minor,0.34005752205848694,0.3218748867511749,0.33806756138801575,0.34005752205848694,5.7
2026-06-21T12:53:25.040851+00:00,E:\Juputer_Training\car-damage-severity\data\test\minor\0018.JPEG,minor,minor,0.5396867990493774,0.41613808274269104,0.04417512193322182,0.5396867990493774,4.0
2026-06-21T12:53:25.740276+00:00,E:\Juputer_Training\car-damage-severity\data\test\minor\0019.JPEG,minor,minor,0.7380130887031555,0.2579621970653534,0.004024669993668795,0.7380130887031555,3.3
2026-06-21T12:53:26.452594+00:00,E:\Juputer_Training\car-damage-severity\data\test\minor\0020.JPEG,minor,minor,0.4882827699184418,0.40898433327674866,0.10273285955190659,0.4882827699184418,4.4
2026-06-21T12:53:27.162772+00:00,E:\Juputer_Training\car-damage-severity\data\test\minor\0021.JPEG,minor,minor,0.6015536189079285,0.3058280944824219,0.09261825680732727,0.6015536189079285,4.0
2026-06-21T12:53:27.863858+00:00,E:\Juputer_Training\car-damage-severity\data\test\minor\0022.JPEG,minor,moderate,0.24819684028625488,0.6543171405792236,0.09748595207929611,0.6543171405792236,5.1
2026-06-21T12:53:28.572221+00:00,E:\Juputer_Training\car-damage-severity\data\test\minor\0023.JPEG,minor,minor,0.7953103184700012,0.19955261051654816,0.005137111525982618,0.7953103184700012,3.1
2026-06-21T12:53:29.279989+00:00,E:\Juputer_Training\car-damage-severity\data\test\minor\0024.JPEG,minor,minor,0.5333494544029236,0.445890337228775,0.020760172978043556,0.5333494544029236,4.0
2026-06-21T12:53:29.992112+00:00,E:\Juputer_Training\car-damage-severity\data\test\minor\0025.JPEG,minor,minor,0.714604377746582,0.275419682264328,0.00997594092041254,0.714604377746582,3.4
2026-06-21T12:53:30.702705+00:00,E:\Juputer_Training\car-damage-severity\data\test\minor\0026.JPEG,minor,minor,0.6847893595695496,0.2957901656627655,0.019420593976974487,0.6847893595695496,3.5
2026-06-21T12:53:31.436360+00:00,E:\Juputer_Training\car-damage-severity\data\test\minor\0027.jpeg,minor,minor,0.8628198504447937,0.1359625905752182,0.001217600773088634,0.8628198504447937,2.9
2026-06-21T12:53:32.140798+00:00,E:\Juputer_Training\car-damage-severity\data\test\minor\0028.JPEG,minor,minor,0.5227076411247253,0.36821913719177246,0.10907325148582458,0.5227076411247253,4.3
2026-06-21T12:53:32.850725+00:00,E:\Juputer_Training\car-damage-severity\data\test\minor\0029.JPEG,minor,severe,0.36209359765052795,0.1676202267408371,0.47028622031211853,0.47028622031211853,6.1
2026-06-21T12:53:33.550959+00:00,E:\Juputer_Training\car-damage-severity\data\test\minor\0030.JPEG,minor,minor,0.8645568490028381,0.13401980698108673,0.0014233365654945374,0.8645568490028381,2.9
2026-06-21T12:53:34.262830+00:00,E:\Juputer_Training\car-damage-severity\data\test\minor\0031.JPEG,minor,minor,0.6918251514434814,0.29992949962615967,0.008245398290455341,0.6918251514434814,3.5
2026-06-21T12:53:34.962573+00:00,E:\Juputer_Training\car-damage-severity\data\test\minor\0032.JPEG,minor,minor,0.6929199695587158,0.28490737080574036,0.022172629833221436,0.6929199695587158,3.5
2026-06-21T12:53:35.700837+00:00,E:\Juputer_Training\car-damage-severity\data\test\minor\0033.JPEG,minor,moderate,0.4134006202220917,0.4904026985168457,0.0961967334151268,0.4904026985168457,4.6
2026-06-21T12:53:36.421227+00:00,E:\Juputer_Training\car-damage-severity\data\test\minor\0034.JPEG,minor,moderate,0.2706112861633301,0.5245234370231628,0.20486527681350708,0.5245234370231628,5.4
2026-06-21T12:53:37.141874+00:00,E:\Juputer_Training\car-damage-severity\data\test\minor\0035.JPEG,minor,minor,0.6656705737113953,0.3316664695739746,0.0026629858184605837,0.6656705737113953,3.5
2026-06-21T12:53:37.831025+00:00,E:\Juputer_Training\car-damage-severity\data\test\minor\0036.JPEG,minor,severe,0.3336705267429352,0.28757742047309875,0.3787520229816437,0.3787520229816437,5.8
2026-06-21T12:53:38.545338+00:00,E:\Juputer_Training\car-damage-severity\data\test\minor\0037.JPEG,minor,minor,0.788707971572876,0.20522485673427582,0.00606720894575119,0.788707971572876,3.2
2026-06-21T12:53:39.275853+00:00,E:\Juputer_Training\car-damage-severity\data\test\minor\0038.JPEG,minor,minor,0.7527676224708557,0.23969900608062744,0.007533298339694738,0.7527676224708557,3.3
2026-06-21T12:53:40.070714+00:00,E:\Juputer_Training\car-damage-severity\data\test\minor\0039.JPEG,minor,moderate,0.24261438846588135,0.5416049361228943,0.21578069031238556,0.5416049361228943,5.5
2026-06-21T12:53:40.908156+00:00,E:\Juputer_Training\car-damage-severity\data\test\minor\0040.JPEG,minor,minor,0.6637732982635498,0.32835623621940613,0.007870501838624477,0.6637732982635498,3.5
2026-06-21T12:53:41.642177+00:00,E:\Juputer_Training\car-damage-severity\data\test\minor\0041.JPEG,minor,minor,0.7056634426116943,0.2880196273326874,0.006316896062344313,0.7056634426116943,3.4
2026-06-21T12:53:42.358956+00:00,E:\Juputer_Training\car-damage-severity\data\test\minor\0042.JPEG,minor,minor,0.5000571608543396,0.4814203679561615,0.01852249726653099,0.5000571608543396,4.1
2026-06-21T12:53:43.083410+00:00,E:\Juputer_Training\car-damage-severity\data\test\minor\0043.JPEG,minor,moderate,0.1554907262325287,0.6010682582855225,0.24344104528427124,0.6010682582855225,5.9
2026-06-21T12:53:43.905898+00:00,E:\Juputer_Training\car-damage-severity\data\test\minor\0044.JPEG,minor,minor,0.40162667632102966,0.2551285922527313,0.3432447910308838,0.40162667632102966,5.5
2026-06-21T12:53:44.681155+00:00,E:\Juputer_Training\car-damage-severity\data\test\minor\0045.JPEG,minor,moderate,0.3279884159564972,0.4281214773654938,0.24389004707336426,0.4281214773654938,5.4
2026-06-21T12:53:45.413896+00:00,E:\Juputer_Training\car-damage-severity\data\test\minor\0046.JPEG,minor,moderate,0.4226255714893341,0.5624772906303406,0.014897167682647705,0.5624772906303406,4.3
2026-06-21T12:53:46.122396+00:00,E:\Juputer_Training\car-damage-severity\data\test\minor\0047.JPEG,minor,minor,0.6212611198425293,0.365470290184021,0.013268603943288326,0.6212611198425293,3.7
2026-06-21T12:53:46.840173+00:00,E:\Juputer_Training\car-damage-severity\data\test\minor\0048.JPEG,minor,minor,0.8363245129585266,0.16174352169036865,0.0019319438142701983,0.8363245129585266,3.0
2026-06-21T12:53:47.544167+00:00,E:\Juputer_Training\car-damage-severity\data\test\minor\cf1fd966d69f48b89d424463183e8388_thb.jpg,minor,minor,0.5869066119194031,0.3777817487716675,0.03531157597899437,0.5869066119194031,3.9
2026-06-21T12:53:48.345591+00:00,E:\Juputer_Training\car-damage-severity\data\test\minor\download (3).jpeg,minor,minor,0.8402702212333679,0.15790022909641266,0.0018295175395905972,0.8402702212333679,3.0
2026-06-21T12:53:49.056217+00:00,E:\Juputer_Training\car-damage-severity\data\test\minor\download.jpeg,minor,minor,0.7513450980186462,0.24183790385723114,0.006817006040364504,0.7513450980186462,3.3
2026-06-21T12:53:49.756388+00:00,E:\Juputer_Training\car-damage-severity\data\test\minor\e9e9890e7b514e51a49442c72f463430_thb.jpg,minor,moderate,0.30930379033088684,0.387234091758728,0.30346211791038513,0.387234091758728,5.6
2026-06-21T12:53:50.543939+00:00,E:\Juputer_Training\car-damage-severity\data\test\minor\images (1).jpeg,minor,minor,0.8565799593925476,0.14178547263145447,0.0016344720497727394,0.8565799593925476,2.9
2026-06-21T12:53:51.328802+00:00,E:\Juputer_Training\car-damage-severity\data\test\minor\images (100).jpeg,minor,minor,0.7019214034080505,0.29316917061805725,0.004909359384328127,0.7019214034080505,3.4
2026-06-21T12:53:52.073674+00:00,E:\Juputer_Training\car-damage-severity\data\test\minor\images (2).jpeg,minor,minor,0.8555487990379333,0.1427370011806488,0.0017142151482403278,0.8555487990379333,2.9
2026-06-21T12:53:52.830918+00:00,E:\Juputer_Training\car-damage-severity\data\test\minor\images (20).jpeg,minor,severe,0.03983655944466591,0.3421412706375122,0.6180221438407898,0.6180221438407898,7.5
2026-06-21T12:53:53.556427+00:00,E:\Juputer_Training\car-damage-severity\data\test\minor\images (3).jpeg,minor,minor,0.6919720768928528,0.29836201667785645,0.009665864519774914,0.6919720768928528,3.5
2026-06-21T12:53:54.282617+00:00,E:\Juputer_Training\car-damage-severity\data\test\minor\images (33).jpeg,minor,minor,0.8728325366973877,0.1260574907064438,0.0011099816765636206,0.8728325366973877,2.9
2026-06-21T12:53:54.998714+00:00,E:\Juputer_Training\car-damage-severity\data\test\minor\images (42).jpeg,minor,minor,0.664313554763794,0.3261497914791107,0.0095366844907403,0.664313554763794,3.5
2026-06-21T12:53:55.773559+00:00,E:\Juputer_Training\car-damage-severity\data\test\minor\images (43).jpeg,minor,minor,0.4731658697128296,0.47198930382728577,0.05484485626220703,0.4731658697128296,4.3
2026-06-21T12:53:56.550176+00:00,E:\Juputer_Training\car-damage-severity\data\test\minor\images (52).jpeg,minor,minor,0.633696973323822,0.35241732001304626,0.01388570200651884,0.633696973323822,3.6
2026-06-21T12:53:57.287835+00:00,E:\Juputer_Training\car-damage-severity\data\test\minor\images (59).jpeg,minor,minor,0.70176100730896,0.2828989028930664,0.015340088866651058,0.70176100730896,3.4
2026-06-21T12:53:58.004474+00:00,E:\Juputer_Training\car-damage-severity\data\test\minor\images (6).jpeg,minor,minor,0.48951292037963867,0.3916606903076172,0.11882638186216354,0.48951292037963867,4.4
2026-06-21T12:53:58.723520+00:00,E:\Juputer_Training\car-damage-severity\data\test\minor\images (60).jpeg,minor,minor,0.8373486995697021,0.16094346344470978,0.0017078501405194402,0.8373486995697021,3.0
2026-06-21T12:53:59.455324+00:00,E:\Juputer_Training\car-damage-severity\data\test\minor\images (65).jpeg,minor,minor,0.5144844055175781,0.4389229118824005,0.04659270867705345,0.5144844055175781,4.1
2026-06-21T12:54:00.363427+00:00,E:\Juputer_Training\car-damage-severity\data\test\minor\images (68).jpeg,minor,minor,0.6057674884796143,0.3764179050922394,0.017814593389630318,0.6057674884796143,3.7
2026-06-21T12:54:01.072292+00:00,E:\Juputer_Training\car-damage-severity\data\test\minor\images (69).jpeg,minor,minor,0.9409641623497009,0.058815911412239075,0.00021995014685671777,0.9409641623497009,2.7
2026-06-21T12:54:01.804518+00:00,E:\Juputer_Training\car-damage-severity\data\test\minor\images (74).jpeg,minor,minor,0.8409721255302429,0.15715664625167847,0.0018711775774136186,0.8409721255302429,3.0
2026-06-21T12:54:02.510755+00:00,E:\Juputer_Training\car-damage-severity\data\test\minor\images (75).jpeg,minor,minor,0.913626492023468,0.08603143692016602,0.0003421044966671616,0.913626492023468,2.8
2026-06-21T12:54:03.215746+00:00,E:\Juputer_Training\car-damage-severity\data\test\minor\images (80).jpeg,minor,minor,0.883256733417511,0.11589793115854263,0.0008453250047750771,0.883256733417511,2.9
2026-06-21T12:54:03.904748+00:00,E:\Juputer_Training\car-damage-severity\data\test\minor\images (81).jpeg,minor,minor,0.5624808669090271,0.41983604431152344,0.017683040350675583,0.5624808669090271,3.9
2026-06-21T12:54:04.646613+00:00,E:\Juputer_Training\car-damage-severity\data\test\minor\images (84).jpeg,minor,minor,0.9074243903160095,0.09215065091848373,0.0004250167403370142,0.9074243903160095,2.8
2026-06-21T12:54:05.383986+00:00,E:\Juputer_Training\car-damage-severity\data\test\minor\images (89).jpeg,minor,minor,0.424172043800354,0.28292176127433777,0.2929061949253082,0.424172043800354,5.3
2026-06-21T12:54:06.112461+00:00,E:\Juputer_Training\car-damage-severity\data\test\minor\images (90).jpeg,minor,minor,0.8269556164741516,0.1721736639738083,0.0008707034285180271,0.8269556164741516,3.0
2026-06-21T12:54:06.822522+00:00,E:\Juputer_Training\car-damage-severity\data\test\minor\images (95).jpeg,minor,minor,0.8022110462188721,0.19464130699634552,0.0031476353760808706,0.8022110462188721,3.1
2026-06-21T12:54:07.522869+00:00,E:\Juputer_Training\car-damage-severity\data\test\minor\images - 2022-12-12T151412.407.jpeg,minor,severe,0.19210128486156464,0.39239129424095154,0.4155074656009674,0.4155074656009674,6.4
2026-06-21T12:54:08.240071+00:00,E:\Juputer_Training\car-damage-severity\data\test\minor\images - 2022-12-12T151419.502.jpeg,minor,moderate,0.28931325674057007,0.4858640432357788,0.22482270002365112,0.4858640432357788,5.4
2026-06-21T12:54:08.972760+00:00,E:\Juputer_Training\car-damage-severity\data\test\minor\images - 2022-12-13T213954.926.jpeg,minor,minor,0.8724088668823242,0.12641823291778564,0.0011729445541277528,0.8724088668823242,2.9
2026-06-21T12:54:09.682642+00:00,E:\Juputer_Training\car-damage-severity\data\test\minor\images - 2022-12-13T213954.983.jpeg,minor,minor,0.8904961943626404,0.10863249748945236,0.000871327065397054,0.8904961943626404,2.8
2026-06-21T12:54:10.394796+00:00,E:\Juputer_Training\car-damage-severity\data\test\minor\images - 2022-12-13T213955.048.jpeg,minor,minor,0.6308104395866394,0.34917476773262024,0.020014790818095207,0.6308104395866394,3.7
2026-06-21T12:54:11.091193+00:00,E:\Juputer_Training\car-damage-severity\data\test\minor\images - 2022-12-13T213955.333.jpeg,minor,minor,0.6186997294425964,0.3591649830341339,0.02213527262210846,0.6186997294425964,3.7
2026-06-21T12:54:11.812555+00:00,E:\Juputer_Training\car-damage-severity\data\test\minor\images.jpeg,minor,minor,0.8407414555549622,0.15704607963562012,0.0022124932147562504,0.8407414555549622,3.0
2026-06-21T12:54:12.541032+00:00,E:\Juputer_Training\car-damage-severity\data\test\moderate\0001.JPEG,moderate,severe,0.042473193258047104,0.17910484969615936,0.778421938419342,0.778421938419342,8.1
2026-06-21T12:54:13.250818+00:00,E:\Juputer_Training\car-damage-severity\data\test\moderate\0002.JPEG,moderate,severe,0.09378733485937119,0.35159388184547424,0.554618775844574,0.554618775844574,7.2
2026-06-21T12:54:13.950868+00:00,E:\Juputer_Training\car-damage-severity\data\test\moderate\0003.JPEG,moderate,moderate,0.3415481150150299,0.5178171992301941,0.1406346708536148,0.5178171992301941,5.0
2026-06-21T12:54:14.666232+00:00,E:\Juputer_Training\car-damage-severity\data\test\moderate\0004.JPEG,moderate,moderate,0.08449608087539673,0.5149001479148865,0.4006038010120392,0.5149001479148865,6.6
2026-06-21T12:54:15.353396+00:00,E:\Juputer_Training\car-damage-severity\data\test\moderate\0005.JPEG,moderate,minor,0.5005322098731995,0.4920356273651123,0.007432098966091871,0.5005322098731995,4.0
2026-06-21T12:54:16.056237+00:00,E:\Juputer_Training\car-damage-severity\data\test\moderate\0006.JPEG,moderate,minor,0.5864391326904297,0.40262559056282043,0.010935206897556782,0.5864391326904297,3.8
2026-06-21T12:54:16.763666+00:00,E:\Juputer_Training\car-damage-severity\data\test\moderate\0007.JPEG,moderate,moderate,0.08985787630081177,0.5404744148254395,0.3696676790714264,0.5404744148254395,6.5
2026-06-21T12:54:17.453385+00:00,E:\Juputer_Training\car-damage-severity\data\test\moderate\0008.JPEG,moderate,severe,0.07509594410657883,0.33085036277770996,0.5940536856651306,0.5940536856651306,7.4
2026-06-21T12:54:18.177103+00:00,E:\Juputer_Training\car-damage-severity\data\test\moderate\0009.JPEG,moderate,moderate,0.09809762984514236,0.5160005688667297,0.3859018087387085,0.5160005688667297,6.6
2026-06-21T12:54:18.963639+00:00,E:\Juputer_Training\car-damage-severity\data\test\moderate\0010.JPEG,moderate,minor,0.6473545432090759,0.34512296319007874,0.00752248102799058,0.6473545432090759,3.6
2026-06-21T12:54:19.663428+00:00,E:\Juputer_Training\car-damage-severity\data\test\moderate\0011.jpeg,moderate,moderate,0.234464630484581,0.624661922454834,0.14087343215942383,0.624661922454834,5.3
2026-06-21T12:54:20.371936+00:00,E:\Juputer_Training\car-damage-severity\data\test\moderate\0012.jpeg,moderate,moderate,0.3588606119155884,0.5978496670722961,0.043289702385663986,0.5978496670722961,4.6
2026-06-21T12:54:21.100886+00:00,E:\Juputer_Training\car-damage-severity\data\test\moderate\0013.JPEG,moderate,moderate,0.2316313534975052,0.5739021301269531,0.19446657598018646,0.5739021301269531,5.5
2026-06-21T12:54:21.815657+00:00,E:\Juputer_Training\car-damage-severity\data\test\moderate\0014.JPEG,moderate,moderate,0.10488715767860413,0.44970497488975525,0.4454078674316406,0.44970497488975525,6.7
2026-06-21T12:54:22.509988+00:00,E:\Juputer_Training\car-damage-severity\data\test\moderate\0015.jpeg,moderate,severe,0.07280024886131287,0.2943979799747467,0.6328018307685852,0.6328018307685852,7.5
2026-06-21T12:54:23.224010+00:00,E:\Juputer_Training\car-damage-severity\data\test\moderate\0016.JPEG,moderate,moderate,0.24913859367370605,0.5836656093597412,0.16719573736190796,0.5836656093597412,5.3
2026-06-21T12:54:23.932844+00:00,E:\Juputer_Training\car-damage-severity\data\test\moderate\0017.JPEG,moderate,severe,0.10820412635803223,0.4386814534664154,0.45311442017555237,0.45311442017555237,6.8
2026-06-21T12:54:24.632765+00:00,E:\Juputer_Training\car-damage-severity\data\test\moderate\0018.JPEG,moderate,moderate,0.24691259860992432,0.6105954647064209,0.1424919068813324,0.6105954647064209,5.3
2026-06-21T12:54:25.345466+00:00,E:\Juputer_Training\car-damage-severity\data\test\moderate\0019.JPEG,moderate,severe,0.12389156967401505,0.3069270849227905,0.5691813826560974,0.5691813826560974,7.1
2026-06-21T12:54:26.085066+00:00,E:\Juputer_Training\car-damage-severity\data\test\moderate\0020.JPEG,moderate,severe,0.08098951727151871,0.4391469657421112,0.4798635244369507,0.4798635244369507,6.9
2026-06-21T12:54:26.813526+00:00,E:\Juputer_Training\car-damage-severity\data\test\moderate\0021.JPEG,moderate,moderate,0.3105725944042206,0.6413600444793701,0.048067349940538406,0.6413600444793701,4.7
2026-06-21T12:54:27.554429+00:00,E:\Juputer_Training\car-damage-severity\data\test\moderate\0022.JPEG,moderate,moderate,0.07767663896083832,0.4997386038303375,0.4225846827030182,0.4997386038303375,6.7
2026-06-21T12:54:28.296523+00:00,E:\Juputer_Training\car-damage-severity\data\test\moderate\0023.JPEG,moderate,severe,0.005184124689549208,0.015061836689710617,0.9797540307044983,0.9797540307044983,8.9
2026-06-21T12:54:29.086818+00:00,E:\Juputer_Training\car-damage-severity\data\test\moderate\0024.jpeg,moderate,moderate,0.18999885022640228,0.5494077801704407,0.26059332489967346,0.5494077801704407,5.8
2026-06-21T12:54:29.863410+00:00,E:\Juputer_Training\car-damage-severity\data\test\moderate\0025.JPEG,moderate,severe,0.06992654502391815,0.3673149049282074,0.5627585649490356,0.5627585649490356,7.3
2026-06-21T12:54:30.579955+00:00,E:\Juputer_Training\car-damage-severity\data\test\moderate\0026.JPEG,moderate,moderate,0.13277268409729004,0.48641714453697205,0.3808102309703827,0.48641714453697205,6.4
2026-06-21T12:54:31.321813+00:00,E:\Juputer_Training\car-damage-severity\data\test\moderate\0027.JPEG,moderate,moderate,0.3894648849964142,0.5709772706031799,0.03955782949924469,0.5709772706031799,4.5
2026-06-21T12:54:32.070941+00:00,E:\Juputer_Training\car-damage-severity\data\test\moderate\0028.JPEG,moderate,severe,0.019468242302536964,0.07454285025596619,0.9059889316558838,0.9059889316558838,8.6
2026-06-21T12:54:32.772316+00:00,E:\Juputer_Training\car-damage-severity\data\test\moderate\0029.JPEG,moderate,severe,0.08858964592218399,0.42207565903663635,0.48933467268943787,0.48933467268943787,6.9
2026-06-21T12:54:33.491099+00:00,E:\Juputer_Training\car-damage-severity\data\test\moderate\0030.JPEG,moderate,severe,0.03937680646777153,0.131509467959404,0.8291137218475342,0.8291137218475342,8.3
2026-06-21T12:54:34.201360+00:00,E:\Juputer_Training\car-damage-severity\data\test\moderate\0031.JPEG,moderate,severe,0.028173713013529778,0.2753102481365204,0.6965160369873047,0.6965160369873047,7.9
2026-06-21T12:54:34.896425+00:00,E:\Juputer_Training\car-damage-severity\data\test\moderate\0032.JPEG,moderate,moderate,0.31630995869636536,0.4661444127559662,0.21754561364650726,0.4661444127559662,5.3
2026-06-21T12:54:35.602478+00:00,E:\Juputer_Training\car-damage-severity\data\test\moderate\0033.JPEG,moderate,severe,0.10976507514715195,0.39495065808296204,0.49528422951698303,0.49528422951698303,6.9
2026-06-21T12:54:36.312831+00:00,E:\Juputer_Training\car-damage-severity\data\test\moderate\0034.JPEG,moderate,severe,0.039018262177705765,0.26197490096092224,0.6990068554878235,0.6990068554878235,7.8
2026-06-21T12:54:37.020127+00:00,E:\Juputer_Training\car-damage-severity\data\test\moderate\0035.JPEG,moderate,moderate,0.45876550674438477,0.5178525447845459,0.02338196150958538,0.5178525447845459,4.2
2026-06-21T12:54:37.732463+00:00,E:\Juputer_Training\car-damage-severity\data\test\moderate\0036.JPEG,moderate,severe,0.09723340719938278,0.3830605745315552,0.5197060108184814,0.5197060108184814,7.0
2026-06-21T12:54:38.429728+00:00,E:\Juputer_Training\car-damage-severity\data\test\moderate\0037.JPEG,moderate,moderate,0.24833236634731293,0.6816427707672119,0.07002483308315277,0.6816427707672119,5.0
2026-06-21T12:54:39.218189+00:00,E:\Juputer_Training\car-damage-severity\data\test\moderate\0038.JPEG,moderate,minor,0.6602925658226013,0.3328477442264557,0.0068597388453781605,0.6602925658226013,3.5
2026-06-21T12:54:39.986861+00:00,E:\Juputer_Training\car-damage-severity\data\test\moderate\0039.JPEG,moderate,moderate,0.35014843940734863,0.6096711754798889,0.04018036648631096,0.6096711754798889,4.6
2026-06-21T12:54:40.701123+00:00,E:\Juputer_Training\car-damage-severity\data\test\moderate\0040.JPEG,moderate,moderate,0.17080192267894745,0.5123795866966248,0.3168184459209442,0.5123795866966248,6.1
2026-06-21T12:54:41.412350+00:00,E:\Juputer_Training\car-damage-severity\data\test\moderate\0041.JPEG,moderate,moderate,0.11065342277288437,0.44688066840171814,0.4424659013748169,0.44688066840171814,6.7
2026-06-21T12:54:42.114573+00:00,E:\Juputer_Training\car-damage-severity\data\test\moderate\0042.JPEG,moderate,moderate,0.2041657567024231,0.42524412274360657,0.37059009075164795,0.42524412274360657,6.2
2026-06-21T12:54:42.825958+00:00,E:\Juputer_Training\car-damage-severity\data\test\moderate\0043.JPEG,moderate,moderate,0.48303472995758057,0.48319879174232483,0.03376642242074013,0.48319879174232483,4.2
2026-06-21T12:54:43.522967+00:00,E:\Juputer_Training\car-damage-severity\data\test\moderate\0044.JPEG,moderate,severe,0.06783150881528854,0.24637407064437866,0.6857944130897522,0.6857944130897522,7.7
2026-06-21T12:54:44.283584+00:00,E:\Juputer_Training\car-damage-severity\data\test\moderate\0045.JPEG,moderate,moderate,0.30450332164764404,0.5400728583335876,0.15542377531528473,0.5400728583335876,5.1
2026-06-21T12:54:45.030874+00:00,E:\Juputer_Training\car-damage-severity\data\test\moderate\0046.JPEG,moderate,moderate,0.24012774229049683,0.6455485224723816,0.11432375758886337,0.6455485224723816,5.2
2026-06-21T12:54:45.728268+00:00,E:\Juputer_Training\car-damage-severity\data\test\moderate\0047.JPEG,moderate,moderate,0.15203307569026947,0.5096238255500793,0.33834314346313477,0.5096238255500793,6.2
2026-06-21T12:54:46.484245+00:00,E:\Juputer_Training\car-damage-severity\data\test\moderate\0048.JPEG,moderate,severe,0.10401639342308044,0.3531820774078369,0.542801558971405,0.542801558971405,7.1
2026-06-21T12:54:47.256843+00:00,E:\Juputer_Training\car-damage-severity\data\test\moderate\0049.JPEG,moderate,moderate,0.35731589794158936,0.5666971206665039,0.07598698884248734,0.5666971206665039,4.7
2026-06-21T12:54:48.017709+00:00,E:\Juputer_Training\car-damage-severity\data\test\moderate\0050.JPEG,moderate,minor,0.5218324661254883,0.44524678587913513,0.0329207144677639,0.5218324661254883,4.0
2026-06-21T12:54:48.850056+00:00,E:\Juputer_Training\car-damage-severity\data\test\moderate\0051.JPEG,moderate,severe,0.09718934446573257,0.4388907849788666,0.46391984820365906,0.46391984820365906,6.8
2026-06-21T12:54:49.661134+00:00,E:\Juputer_Training\car-damage-severity\data\test\moderate\0052.JPEG,moderate,severe,0.07200504094362259,0.3763613998889923,0.5516335368156433,0.5516335368156433,7.2
2026-06-21T12:54:50.385247+00:00,E:\Juputer_Training\car-damage-severity\data\test\moderate\0053.JPEG,moderate,severe,0.07004184275865555,0.27146121859550476,0.6584969758987427,0.6584969758987427,7.6
2026-06-21T12:54:51.146816+00:00,E:\Juputer_Training\car-damage-severity\data\test\moderate\0054.JPEG,moderate,minor,0.3763068914413452,0.26317647099494934,0.36051666736602783,0.3763068914413452,5.6
2026-06-21T12:54:51.891224+00:00,E:\Juputer_Training\car-damage-severity\data\test\moderate\0055.JPEG,moderate,severe,0.09938663244247437,0.4450960159301758,0.45551738142967224,0.45551738142967224,6.8
2026-06-21T12:54:52.631193+00:00,E:\Juputer_Training\car-damage-severity\data\test\moderate\0e780a7b917f4ed4ba5d5f4dfd9907d4_thb.jpg,moderate,minor,0.511637270450592,0.30331936478614807,0.18504339456558228,0.511637270450592,4.6
2026-06-21T12:54:53.396702+00:00,E:\Juputer_Training\car-damage-severity\data\test\moderate\495920c32ade4ac6ae7f9788fd7dfd24_thb.jpg,moderate,minor,0.5510372519493103,0.22097086906433105,0.22799187898635864,0.5510372519493103,4.6
2026-06-21T12:54:54.170071+00:00,E:\Juputer_Training\car-damage-severity\data\test\moderate\4d9f21ac40954a348560ce60af2b69f9_thb.jpg,moderate,moderate,0.4214307367801666,0.47922420501708984,0.09934508055448532,0.47922420501708984,4.6
2026-06-21T12:54:54.940830+00:00,E:\Juputer_Training\car-damage-severity\data\test\moderate\8a70da31f2cd423cbc07988b0be52115_thb.jpg,moderate,moderate,0.20195965468883514,0.5713487267494202,0.2266916185617447,0.5713487267494202,5.7
2026-06-21T12:54:55.684270+00:00,E:\Juputer_Training\car-damage-severity\data\test\moderate\9a620aee6a7f4a4b8d90f1f8181bc880_thb.jpg,moderate,moderate,0.30026528239250183,0.49989593029022217,0.1998388171195984,0.49989593029022217,5.3
2026-06-21T12:54:56.416262+00:00,E:\Juputer_Training\car-damage-severity\data\test\moderate\a34374b52d3f4a7baf7767853de3b285_thb.jpg,moderate,moderate,0.4263289272785187,0.4513234794139862,0.12234757095575333,0.4513234794139862,4.6
2026-06-21T12:54:57.115840+00:00,E:\Juputer_Training\car-damage-severity\data\test\moderate\ad321d3a82934b77aa5a4a9431e43b85_thb.jpg,moderate,moderate,0.3659866154193878,0.45476576685905457,0.17924757301807404,0.45476576685905457,5.0
2026-06-21T12:54:57.826306+00:00,E:\Juputer_Training\car-damage-severity\data\test\moderate\da7301dfd988492fb368ad5102fbf708_thb.jpg,moderate,moderate,0.08805263042449951,0.47668755054473877,0.4352598190307617,0.47668755054473877,6.8
2026-06-21T12:54:58.536199+00:00,E:\Juputer_Training\car-damage-severity\data\test\moderate\download (18).jpeg,moderate,severe,0.022600190714001656,0.07767289876937866,0.8997268676757812,0.8997268676757812,8.6
2026-06-21T12:54:59.256926+00:00,E:\Juputer_Training\car-damage-severity\data\test\moderate\download (19).jpeg,moderate,severe,0.11269628256559372,0.3390674591064453,0.5482362508773804,0.5482362508773804,7.1
2026-06-21T12:54:59.983011+00:00,E:\Juputer_Training\car-damage-severity\data\test\moderate\download (20).jpeg,moderate,severe,0.054101716727018356,0.2222607135772705,0.723637580871582,0.723637580871582,7.9
2026-06-21T12:55:00.695182+00:00,E:\Juputer_Training\car-damage-severity\data\test\moderate\download (21).jpeg,moderate,severe,0.04362720251083374,0.16229987144470215,0.7940728664398193,0.7940728664398193,8.1
2026-06-21T12:55:01.410882+00:00,E:\Juputer_Training\car-damage-severity\data\test\moderate\download (28).jpeg,moderate,moderate,0.1134321391582489,0.4763580858707428,0.4102097451686859,0.4763580858707428,6.6
2026-06-21T12:55:02.121035+00:00,E:\Juputer_Training\car-damage-severity\data\test\moderate\e060a4b36c4d48caba0b12da354d3585_thb.jpg,moderate,moderate,0.39772292971611023,0.5329346060752869,0.0693424865603447,0.5329346060752869,4.5
2026-06-21T12:55:02.835530+00:00,E:\Juputer_Training\car-damage-severity\data\test\moderate\fd331abd8e3b4b17ab87268a356b1b5e_thb.jpg,moderate,moderate,0.08431962877511978,0.4732436239719391,0.44243669509887695,0.4732436239719391,6.8
2026-06-21T12:55:03.555480+00:00,E:\Juputer_Training\car-damage-severity\data\test\moderate\images (4).jpeg,moderate,severe,0.09082218259572983,0.417076975107193,0.4921008348464966,0.4921008348464966,6.9
2026-06-21T12:55:04.274941+00:00,E:\Juputer_Training\car-damage-severity\data\test\moderate\images (50).jpeg,moderate,moderate,0.11416015028953552,0.5191945433616638,0.36664530634880066,0.5191945433616638,6.4
2026-06-21T12:55:04.990043+00:00,E:\Juputer_Training\car-damage-severity\data\test\moderate\images (60).jpeg,moderate,moderate,0.2897251844406128,0.4862442910671234,0.224030539393425,0.4862442910671234,5.4
2026-06-21T12:55:05.752336+00:00,E:\Juputer_Training\car-damage-severity\data\test\moderate\images (63).jpeg,moderate,moderate,0.3159264326095581,0.4842349588871002,0.1998385787010193,0.4842349588871002,5.3
2026-06-21T12:55:06.541032+00:00,E:\Juputer_Training\car-damage-severity\data\test\moderate\images (65).jpeg,moderate,moderate,0.09207028895616531,0.48260220885276794,0.42532750964164734,0.48260220885276794,6.7
2026-06-21T12:55:07.375169+00:00,E:\Juputer_Training\car-damage-severity\data\test\severe\0001.JPEG,severe,severe,0.004193050321191549,0.01188607793301344,0.9839208722114563,0.9839208722114563,8.9
2026-06-21T12:55:08.192514+00:00,E:\Juputer_Training\car-damage-severity\data\test\severe\0002.JPEG,severe,severe,0.0018848787294700742,0.004614522214978933,0.9935005307197571,0.9935005307197571,9.0
2026-06-21T12:55:09.017311+00:00,E:\Juputer_Training\car-damage-severity\data\test\severe\0003.JPEG,severe,severe,0.10112599283456802,0.3964681923389435,0.5024058222770691,0.5024058222770691,7.0
2026-06-21T12:55:09.890480+00:00,E:\Juputer_Training\car-damage-severity\data\test\severe\0004.JPEG,severe,severe,0.06175399199128151,0.3580028712749481,0.5802431702613831,0.5802431702613831,7.3
2026-06-21T12:55:10.702870+00:00,E:\Juputer_Training\car-damage-severity\data\test\severe\0005.JPEG,severe,severe,0.308112770318985,0.3359180986881256,0.35596907138824463,0.35596907138824463,5.8
2026-06-21T12:55:11.510315+00:00,E:\Juputer_Training\car-damage-severity\data\test\severe\0006.JPEG,severe,severe,0.07172489166259766,0.2769821584224701,0.6512929201126099,0.6512929201126099,7.6
2026-06-21T12:55:12.273039+00:00,E:\Juputer_Training\car-damage-severity\data\test\severe\0007.JPEG,severe,severe,0.07305768132209778,0.27252066135406494,0.6544216275215149,0.6544216275215149,7.6
2026-06-21T12:55:13.038026+00:00,E:\Juputer_Training\car-damage-severity\data\test\severe\0008.JPEG,severe,severe,0.3029238283634186,0.3257623016834259,0.37131384015083313,0.37131384015083313,5.9
2026-06-21T12:55:13.814478+00:00,E:\Juputer_Training\car-damage-severity\data\test\severe\0009.JPEG,severe,severe,0.13203619420528412,0.3239452540874481,0.544018566608429,0.544018566608429,7.0
2026-06-21T12:55:14.639326+00:00,E:\Juputer_Training\car-damage-severity\data\test\severe\0010.jpeg,severe,moderate,0.09521277993917465,0.497792512178421,0.4069947302341461,0.497792512178421,6.6
2026-06-21T12:55:15.417911+00:00,E:\Juputer_Training\car-damage-severity\data\test\severe\0011.JPEG,severe,severe,0.015988746657967567,0.05341723561286926,0.9305940270423889,0.9305940270423889,8.7
2026-06-21T12:55:16.206831+00:00,E:\Juputer_Training\car-damage-severity\data\test\severe\0012.JPEG,severe,severe,0.08016043156385422,0.300929993391037,0.6189095973968506,0.6189095973968506,7.4
2026-06-21T12:55:17.002873+00:00,E:\Juputer_Training\car-damage-severity\data\test\severe\0013.JPEG,severe,severe,0.012361536733806133,0.043973665684461594,0.9436648488044739,0.9436648488044739,8.8
2026-06-21T12:55:17.794579+00:00,E:\Juputer_Training\car-damage-severity\data\test\severe\0014.JPEG,severe,severe,0.01106641162186861,0.03363202139735222,0.9553015828132629,0.9553015828132629,8.8
2026-06-21T12:55:18.567877+00:00,E:\Juputer_Training\car-damage-severity\data\test\severe\0015.JPEG,severe,severe,0.14830651879310608,0.3706256151199341,0.48106786608695984,0.48106786608695984,6.7
2026-06-21T12:55:19.355426+00:00,E:\Juputer_Training\car-damage-severity\data\test\severe\0016.JPEG,severe,severe,0.0034931730479002,0.009213879704475403,0.9872929453849792,0.9872929453849792,8.9
2026-06-21T12:55:20.129804+00:00,E:\Juputer_Training\car-damage-severity\data\test\severe\0017.JPEG,severe,moderate,0.22771812975406647,0.4906386137008667,0.28164324164390564,0.4906386137008667,5.8
2026-06-21T12:55:20.908792+00:00,E:\Juputer_Training\car-damage-severity\data\test\severe\0018.JPEG,severe,severe,0.005187049973756075,0.015461075119674206,0.979351818561554,0.979351818561554,8.9
2026-06-21T12:55:21.669145+00:00,E:\Juputer_Training\car-damage-severity\data\test\severe\0019.JPEG,severe,severe,0.048293814063072205,0.18732786178588867,0.7643783092498779,0.7643783092498779,8.0
2026-06-21T12:55:22.425562+00:00,E:\Juputer_Training\car-damage-severity\data\test\severe\0020.JPEG,severe,severe,0.06125570461153984,0.424224853515625,0.5145193934440613,0.5145193934440613,7.1
2026-06-21T12:55:23.186097+00:00,E:\Juputer_Training\car-damage-severity\data\test\severe\0021.JPEG,severe,severe,0.028842082247138023,0.12634225189685822,0.844815731048584,0.844815731048584,8.4
2026-06-21T12:55:23.936303+00:00,E:\Juputer_Training\car-damage-severity\data\test\severe\0022.JPEG,severe,severe,0.043959956616163254,0.4107537269592285,0.5452862977981567,0.5452862977981567,7.3
2026-06-21T12:55:24.701081+00:00,E:\Juputer_Training\car-damage-severity\data\test\severe\0023.JPEG,severe,severe,0.07528532296419144,0.43548116087913513,0.4892335832118988,0.4892335832118988,7.0
2026-06-21T12:55:25.427867+00:00,E:\Juputer_Training\car-damage-severity\data\test\severe\0024.JPEG,severe,severe,0.004652075003832579,0.013572487980127335,0.9817754626274109,0.9817754626274109,8.9
2026-06-21T12:55:26.250023+00:00,E:\Juputer_Training\car-damage-severity\data\test\severe\0025.JPEG,severe,severe,0.016591308638453484,0.06127866730093956,0.9221300482749939,0.9221300482749939,8.7
2026-06-21T12:55:27.018240+00:00,E:\Juputer_Training\car-damage-severity\data\test\severe\0026.JPEG,severe,severe,0.06934966892004013,0.36087536811828613,0.5697749257087708,0.5697749257087708,7.3
2026-06-21T12:55:27.795787+00:00,E:\Juputer_Training\car-damage-severity\data\test\severe\0027.JPEG,severe,severe,0.01351697463542223,0.04670092463493347,0.9397820830345154,0.9397820830345154,8.7
2026-06-21T12:55:28.534222+00:00,E:\Juputer_Training\car-damage-severity\data\test\severe\0028.JPEG,severe,severe,0.015354867093265057,0.05952143669128418,0.9251236915588379,0.9251236915588379,8.7
2026-06-21T12:55:29.307680+00:00,E:\Juputer_Training\car-damage-severity\data\test\severe\0029.JPEG,severe,severe,0.036654677242040634,0.1588483601808548,0.8044970035552979,0.8044970035552979,8.2
2026-06-21T12:55:30.048231+00:00,E:\Juputer_Training\car-damage-severity\data\test\severe\0030.JPEG,severe,severe,0.023386681452393532,0.09547089785337448,0.8811424374580383,0.8811424374580383,8.5
2026-06-21T12:55:30.786859+00:00,E:\Juputer_Training\car-damage-severity\data\test\severe\0031.JPEG,severe,severe,0.0026783309876918793,0.0071837324649095535,0.9901378750801086,0.9901378750801086,9.0
2026-06-21T12:55:31.536596+00:00,E:\Juputer_Training\car-damage-severity\data\test\severe\0032.JPEG,severe,severe,0.0711783766746521,0.4151570498943329,0.5136646032333374,0.5136646032333374,7.1
2026-06-21T12:55:32.281958+00:00,E:\Juputer_Training\car-damage-severity\data\test\severe\0033.JPEG,severe,severe,0.01247220579534769,0.04028746113181114,0.9472403526306152,0.9472403526306152,8.8
2026-06-21T12:55:33.002347+00:00,E:\Juputer_Training\car-damage-severity\data\test\severe\0034.JPEG,severe,severe,0.04137507453560829,0.16784745454788208,0.7907774448394775,0.7907774448394775,8.1
2026-06-21T12:55:33.728727+00:00,E:\Juputer_Training\car-damage-severity\data\test\severe\0035.JPEG,severe,severe,0.02741696499288082,0.0943835973739624,0.8781993985176086,0.8781993985176086,8.5
2026-06-21T12:55:34.475751+00:00,E:\Juputer_Training\car-damage-severity\data\test\severe\0036.jpeg,severe,severe,0.07347089797258377,0.265348345041275,0.6611807346343994,0.6611807346343994,7.6
2026-06-21T12:55:35.203721+00:00,E:\Juputer_Training\car-damage-severity\data\test\severe\0037.jpeg,severe,severe,0.054547350853681564,0.24155664443969727,0.7038960456848145,0.7038960456848145,7.8
2026-06-21T12:55:35.932540+00:00,E:\Juputer_Training\car-damage-severity\data\test\severe\0038.JPEG,severe,severe,0.06219214200973511,0.41034939885139465,0.5274584293365479,0.5274584293365479,7.2
2026-06-21T12:55:36.687749+00:00,E:\Juputer_Training\car-damage-severity\data\test\severe\0039.JPEG,severe,severe,0.005006937775760889,0.014784037135541439,0.9802090525627136,0.9802090525627136,8.9
2026-06-21T12:55:37.425586+00:00,E:\Juputer_Training\car-damage-severity\data\test\severe\0040.JPEG,severe,severe,0.004903074353933334,0.015122812241315842,0.979974091053009,0.979974091053009,8.9
2026-06-21T12:55:38.182585+00:00,E:\Juputer_Training\car-damage-severity\data\test\severe\0041.JPEG,severe,severe,0.019480446353554726,0.06528017669916153,0.9152393937110901,0.9152393937110901,8.6
2026-06-21T12:55:38.968648+00:00,E:\Juputer_Training\car-damage-severity\data\test\severe\0042.JPEG,severe,severe,0.0629425048828125,0.24037696421146393,0.6966805458068848,0.6966805458068848,7.7
2026-06-21T12:55:39.766415+00:00,E:\Juputer_Training\car-damage-severity\data\test\severe\0043.JPEG,severe,severe,0.039103906601667404,0.16556592285633087,0.7953302264213562,0.7953302264213562,8.2
2026-06-21T12:55:40.520058+00:00,E:\Juputer_Training\car-damage-severity\data\test\severe\0044.JPEG,severe,severe,0.024512814357876778,0.086530901491642,0.8889563679695129,0.8889563679695129,8.5
2026-06-21T12:55:41.251111+00:00,E:\Juputer_Training\car-damage-severity\data\test\severe\0045.JPEG,severe,severe,0.06942418962717056,0.3395169973373413,0.5910587906837463,0.5910587906837463,7.4
2026-06-21T12:55:41.997787+00:00,E:\Juputer_Training\car-damage-severity\data\test\severe\0046.JPEG,severe,severe,0.083715058863163,0.31717440485954285,0.5991106033325195,0.5991106033325195,7.3
2026-06-21T12:55:42.741366+00:00,E:\Juputer_Training\car-damage-severity\data\test\severe\0047.JPEG,severe,moderate,0.10937265306711197,0.4640324115753174,0.42659494280815125,0.4640324115753174,6.7
2026-06-21T12:55:43.465437+00:00,E:\Juputer_Training\car-damage-severity\data\test\severe\0048.jpeg,severe,severe,0.031915199011564255,0.12069717049598694,0.8473876118659973,0.8473876118659973,8.4
2026-06-21T12:55:44.207368+00:00,E:\Juputer_Training\car-damage-severity\data\test\severe\0049.JPEG,severe,severe,0.0032397769391536713,0.008697232231497765,0.9880630373954773,0.9880630373954773,8.9
2026-06-21T12:55:44.961151+00:00,E:\Juputer_Training\car-damage-severity\data\test\severe\0050.JPEG,severe,severe,0.039277125149965286,0.16663923859596252,0.7940835952758789,0.7940835952758789,8.2
2026-06-21T12:55:45.707880+00:00,E:\Juputer_Training\car-damage-severity\data\test\severe\0051.JPEG,severe,severe,0.06250870227813721,0.24789458513259888,0.6895967125892639,0.6895967125892639,7.7
2026-06-21T12:55:46.503469+00:00,E:\Juputer_Training\car-damage-severity\data\test\severe\0052.JPEG,severe,moderate,0.23319245874881744,0.6321859955787659,0.1346214860677719,0.6321859955787659,5.3
2026-06-21T12:55:47.398148+00:00,E:\Juputer_Training\car-damage-severity\data\test\severe\0053.JPEG,severe,moderate,0.096221424639225,0.4793107509613037,0.4244678020477295,0.4793107509613037,6.7
2026-06-21T12:55:48.119482+00:00,E:\Juputer_Training\car-damage-severity\data\test\severe\0054.JPEG,severe,severe,0.000318721606163308,0.000581990520004183,0.9990992546081543,0.9990992546081543,9.0
2026-06-21T12:55:48.834415+00:00,E:\Juputer_Training\car-damage-severity\data\test\severe\0055.JPEG,severe,moderate,0.15688352286815643,0.6052073836326599,0.23790907859802246,0.6052073836326599,5.9
2026-06-21T12:55:49.566005+00:00,E:\Juputer_Training\car-damage-severity\data\test\severe\0056.JPEG,severe,severe,0.029266441240906715,0.11111122369766235,0.8596224188804626,0.8596224188804626,8.4
2026-06-21T12:55:50.288723+00:00,E:\Juputer_Training\car-damage-severity\data\test\severe\0057.JPEG,severe,severe,0.0186007097363472,0.07459905743598938,0.9068002700805664,0.9068002700805664,8.6
2026-06-21T12:55:50.996324+00:00,E:\Juputer_Training\car-damage-severity\data\test\severe\0058.JPEG,severe,severe,0.18250852823257446,0.39286288619041443,0.4246286153793335,0.4246286153793335,6.4
2026-06-21T12:55:51.767093+00:00,E:\Juputer_Training\car-damage-severity\data\test\severe\0059.JPEG,severe,moderate,0.3094484508037567,0.524135947227478,0.16641558706760406,0.524135947227478,5.2
2026-06-21T12:55:52.501585+00:00,E:\Juputer_Training\car-damage-severity\data\test\severe\0060.JPEG,severe,severe,0.09638041257858276,0.3952920734882355,0.5083274841308594,0.5083274841308594,7.0
2026-06-21T12:55:53.194753+00:00,E:\Juputer_Training\car-damage-severity\data\test\severe\0061.JPEG,severe,severe,0.08082625269889832,0.31961652636528015,0.5995572209358215,0.5995572209358215,7.4
2026-06-21T12:55:53.893951+00:00,E:\Juputer_Training\car-damage-severity\data\test\severe\0062.JPEG,severe,severe,0.02475626766681671,0.07898060232400894,0.8962631225585938,0.8962631225585938,8.6
2026-06-21T12:55:54.646670+00:00,E:\Juputer_Training\car-damage-severity\data\test\severe\0063.JPEG,severe,severe,0.04490102827548981,0.16454903781414032,0.7905499339103699,0.7905499339103699,8.1
2026-06-21T12:55:55.401369+00:00,E:\Juputer_Training\car-damage-severity\data\test\severe\0064.JPEG,severe,severe,0.02054094336926937,0.0808497965335846,0.8986092209815979,0.8986092209815979,8.6
2026-06-21T12:55:56.169846+00:00,E:\Juputer_Training\car-damage-severity\data\test\severe\0065.JPEG,severe,severe,0.19143305718898773,0.3471781313419342,0.46138882637023926,0.46138882637023926,6.5
2026-06-21T12:55:56.894743+00:00,E:\Juputer_Training\car-damage-severity\data\test\severe\0066.JPEG,severe,severe,0.08232375234365463,0.2931782007217407,0.6244980096817017,0.6244980096817017,7.4
2026-06-21T12:55:57.606251+00:00,E:\Juputer_Training\car-damage-severity\data\test\severe\0067.JPEG,severe,severe,0.05781533941626549,0.22320838272571564,0.7189763188362122,0.7189763188362122,7.8
2026-06-21T12:55:58.320580+00:00,E:\Juputer_Training\car-damage-severity\data\test\severe\0068.JPEG,severe,severe,0.031052151694893837,0.12220578640699387,0.8467420935630798,0.8467420935630798,8.4
2026-06-21T12:55:59.104619+00:00,E:\Juputer_Training\car-damage-severity\data\test\severe\18bb5127b4054506bf0b9779b2b1899f_thb.jpg,severe,severe,0.0472332201898098,0.2555117905139923,0.6972549557685852,0.6972549557685852,7.8
2026-06-21T12:55:59.838101+00:00,E:\Juputer_Training\car-damage-severity\data\test\severe\22902b00ea70402fab96a350f87cf944_thb.jpg,severe,severe,0.04545816779136658,0.38904908299446106,0.5654928088188171,0.5654928088188171,7.3
2026-06-21T12:56:00.592156+00:00,E:\Juputer_Training\car-damage-severity\data\test\severe\46ba5d744b2d4ce9ac2192cbc340cf56_thb.jpg,severe,severe,0.059560149908065796,0.2825997471809387,0.6578400731086731,0.6578400731086731,7.6
2026-06-21T12:56:01.437751+00:00,E:\Juputer_Training\car-damage-severity\data\test\severe\482557ac6c1447b284fe6224b7266f55_thb.jpg,severe,severe,0.020977631211280823,0.06451577693223953,0.9145066142082214,0.9145066142082214,8.6
2026-06-21T12:56:02.284358+00:00,E:\Juputer_Training\car-damage-severity\data\test\severe\6d36ca8f8e5142b999d24142028c8a3a_thb.jpg,severe,severe,0.027620524168014526,0.08251724392175674,0.8898622989654541,0.8898622989654541,8.5
2026-06-21T12:56:03.083375+00:00,E:\Juputer_Training\car-damage-severity\data\test\severe\808a08e850f248c6a3ec2aa5f899a5a0_thb.jpg,severe,severe,0.04101502150297165,0.16847866773605347,0.7905063629150391,0.7905063629150391,8.1
2026-06-21T12:56:03.855254+00:00,E:\Juputer_Training\car-damage-severity\data\test\severe\c3d15ce7351047aaba68bba9a1b862bc_thb.jpg,severe,moderate,0.11899928003549576,0.4484458863735199,0.43255481123924255,0.4484458863735199,6.7
2026-06-21T12:56:04.629897+00:00,E:\Juputer_Training\car-damage-severity\data\test\severe\c79ee24df16548469dfdb44f154f9887_thb.jpg,severe,severe,0.04622374475002289,0.1430942863225937,0.8106819987297058,0.8106819987297058,8.2
2026-06-21T12:56:05.363760+00:00,E:\Juputer_Training\car-damage-severity\data\test\severe\debd51e9643448fcbb0f303c9e0d7063_thb.jpg,severe,severe,0.029105445370078087,0.08239436894655228,0.8885002136230469,0.8885002136230469,8.5
2026-06-21T12:56:06.079887+00:00,E:\Juputer_Training\car-damage-severity\data\test\severe\download (1).jpeg,severe,severe,0.02698332630097866,0.08463581651449203,0.8883808255195618,0.8883808255195618,8.5
2026-06-21T12:56:06.786276+00:00,E:\Juputer_Training\car-damage-severity\data\test\severe\download (17).jpeg,severe,severe,0.0017296570586040616,0.004166998900473118,0.9941033720970154,0.9941033720970154,9.0
2026-06-21T12:56:07.503529+00:00,E:\Juputer_Training\car-damage-severity\data\test\severe\download (2).jpeg,severe,severe,0.025016741827130318,0.06743060797452927,0.9075526595115662,0.9075526595115662,8.6
2026-06-21T12:56:08.229871+00:00,E:\Juputer_Training\car-damage-severity\data\test\severe\download (23).jpeg,severe,severe,0.004448153078556061,0.012803510762751102,0.9827483296394348,0.9827483296394348,8.9
2026-06-21T12:56:09.013651+00:00,E:\Juputer_Training\car-damage-severity\data\test\severe\download (31).jpeg,severe,severe,0.015403070487082005,0.04900657758116722,0.9355903267860413,0.9355903267860413,8.7
2026-06-21T12:56:09.773733+00:00,E:\Juputer_Training\car-damage-severity\data\test\severe\download (5).jpeg,severe,severe,0.01585422269999981,0.05212780460715294,0.932017982006073,0.932017982006073,8.7
2026-06-21T12:56:10.613356+00:00,E:\Juputer_Training\car-damage-severity\data\test\severe\download (6).jpeg,severe,severe,0.012552003376185894,0.04167000576853752,0.9457780718803406,0.9457780718803406,8.8
2026-06-21T12:56:11.344247+00:00,E:\Juputer_Training\car-damage-severity\data\test\severe\ff6f1e2cd433470f94e54c7aeb7da545_thb.jpg,severe,severe,0.051968276500701904,0.27149567008018494,0.6765360236167908,0.6765360236167908,7.7
2026-06-21T12:56:12.081298+00:00,E:\Juputer_Training\car-damage-severity\data\test\severe\images (28).jpeg,severe,severe,0.11915808916091919,0.3724099397659302,0.5084320306777954,0.5084320306777954,6.9
2026-06-21T12:56:12.792484+00:00,E:\Juputer_Training\car-damage-severity\data\test\severe\images (44).jpeg,severe,severe,0.047802362591028214,0.24192500114440918,0.7102726101875305,0.7102726101875305,7.8
2026-06-21T12:56:13.550230+00:00,E:\Juputer_Training\car-damage-severity\data\test\severe\images (53).jpeg,severe,severe,0.02012012153863907,0.07499515265226364,0.9048846364021301,0.9048846364021301,8.6
2026-06-21T12:56:14.379959+00:00,E:\Juputer_Training\car-damage-severity\data\test\severe\images - 2022-12-12T151413.288.jpeg,severe,severe,0.00471330713480711,0.013746309094130993,0.9815403819084167,0.9815403819084167,8.9
2026-06-21T12:56:15.149009+00:00,E:\Juputer_Training\car-damage-severity\data\test\severe\images - 2022-12-12T151418.948.jpeg,severe,severe,0.002387032611295581,0.007746703922748566,0.989866316318512,0.989866316318512,9.0
2026-06-21T12:56:15.920162+00:00,E:\Juputer_Training\car-damage-severity\data\test\severe\images.jpeg,severe,severe,0.023197686299681664,0.2997889220714569,0.6770133972167969,0.6770133972167969,7.8
